covariates,n,level,Df,r2,p_val
cb,3303,524,523,0.522770444,0.000999001
Delivery,3017,2,1,0.005662438,0.000999001
Country,3303,7,6,0.042700151,0.028971029
Gender,2965,2,1,0.001375962,0.64035964
Feed_2,1662,4,3,0.035257605,0.000999001
Infant_AB,2896,2,1,0.04961605,0.000999001
Birth_weight_2,2969,4,3,0.033607256,0.000999001
Gestational_age_2,3292,4,3,0.050984972,0.000999001
month,3301,9,8,0.115762409,0.000999001